payer_name,plan_type,effective_date,term_date,reimbursement_method,drg_code,drg_description,cpt_code,cpt_description,service_category,contracted_rate,rate_basis,timely_filing_days,timely_filing_days_amended,appeal_window_days,prior_auth_required,carve_outs,renewal_date,amended
UnitedHealthcare,Commercial PPO,2024-01-01,2026-12-31,Percent of Medicare,470,Major hip and knee joint replacement w/o MCC,,,Inpatient,16825.0,118% of Medicare base,90,,180,True,"Transplants, investigational services, and Part B drugs reimbursed under separate addendum.",2026-10-01,False
UnitedHealthcare,Commercial PPO,2024-01-01,2026-12-31,Percent of Medicare,247,Percutaneous cardiovascular proc w/ drug-eluting stent,,,Inpatient,22300.0,118% of Medicare base,90,,180,True,"Transplants, investigational services, and Part B drugs reimbursed under separate addendum.",2026-10-01,False
UnitedHealthcare,Commercial PPO,2024-01-01,2026-12-31,Percent of Medicare,291,Heart failure and shock w/ MCC,,,Inpatient,10850.0,118% of Medicare base,90,,180,True,"Transplants, investigational services, and Part B drugs reimbursed under separate addendum.",2026-10-01,False
UnitedHealthcare,Commercial PPO,2024-01-01,2026-12-31,Percent of Medicare,871,Septicemia or severe sepsis w/o MV >96h w/ MCC,,,Inpatient,15450.0,118% of Medicare base,90,,180,True,"Transplants, investigational services, and Part B drugs reimbursed under separate addendum.",2026-10-01,False
UnitedHealthcare,Commercial PPO,2024-01-01,2026-12-31,Percent of Medicare,190,Chronic obstructive pulmonary disease w/ MCC,,,Inpatient,8725.0,118% of Medicare base,90,,180,True,"Transplants, investigational services, and Part B drugs reimbursed under separate addendum.",2026-10-01,False
UnitedHealthcare,Commercial PPO,2024-01-01,2026-12-31,Percent of Medicare,194,Simple pneumonia and pleurisy w/ CC,,,Inpatient,7200.0,118% of Medicare base,90,,180,True,"Transplants, investigational services, and Part B drugs reimbursed under separate addendum.",2026-10-01,False
UnitedHealthcare,Commercial PPO,2024-01-01,2026-12-31,Percent of Medicare,765,Cesarean section w/ CC/MCC,,,Inpatient,9800.0,118% of Medicare base,90,,180,True,"Transplants, investigational services, and Part B drugs reimbursed under separate addendum.",2026-10-01,False
UnitedHealthcare,Commercial PPO,2024-01-01,2026-12-31,Percent of Medicare,853,Infectious & parasitic dis w/ OR proc w/ MCC,,,Inpatient,37175.0,118% of Medicare base,90,,180,True,"Transplants, investigational services, and Part B drugs reimbursed under separate addendum.",2026-10-01,False
UnitedHealthcare,Commercial PPO,2024-01-01,2026-12-31,Percent of Medicare,329,Major small & large bowel procedures w/ MCC,,,Inpatient,47500.0,118% of Medicare base,90,,180,True,"Transplants, investigational services, and Part B drugs reimbursed under separate addendum.",2026-10-01,True
UnitedHealthcare,Commercial PPO,2024-01-01,2026-12-31,Percent of Medicare,064,Intracranial hemorrhage or cerebral infarction w/ MCC,,,Inpatient,14975.0,118% of Medicare base,90,,180,True,"Transplants, investigational services, and Part B drugs reimbursed under separate addendum.",2026-10-01,False
UnitedHealthcare,Commercial PPO,2024-01-01,2026-12-31,Percent of Medicare,,,27447,Total knee arthroplasty,Outpatient,1900.0,Outpatient fee schedule,90,,180,True,"Transplants, investigational services, and Part B drugs reimbursed under separate addendum.",2026-10-01,False
UnitedHealthcare,Commercial PPO,2024-01-01,2026-12-31,Percent of Medicare,,,70553,MRI brain w/ & w/o contrast,Outpatient,565.0,Outpatient fee schedule,90,,180,True,"Transplants, investigational services, and Part B drugs reimbursed under separate addendum.",2026-10-01,False
UnitedHealthcare,Commercial PPO,2024-01-01,2026-12-31,Percent of Medicare,,,45378,"Colonoscopy, diagnostic",Outpatient,430.0,Outpatient fee schedule,90,,180,False,"Transplants, investigational services, and Part B drugs reimbursed under separate addendum.",2026-10-01,False
UnitedHealthcare,Commercial PPO,2024-01-01,2026-12-31,Percent of Medicare,,,93452,Left heart catheterization,Outpatient,3480.0,Outpatient fee schedule,90,,180,True,"Transplants, investigational services, and Part B drugs reimbursed under separate addendum.",2026-10-01,False
UnitedHealthcare,Commercial PPO,2024-01-01,2026-12-31,Percent of Medicare,,,99285,"Emergency dept visit, high complexity",Outpatient,485.0,Outpatient fee schedule,90,,180,False,"Transplants, investigational services, and Part B drugs reimbursed under separate addendum.",2026-10-01,False
UnitedHealthcare,Commercial PPO,2024-01-01,2026-12-31,Percent of Medicare,,,29881,Knee arthroscopy w/ meniscectomy,Outpatient,1580.0,Outpatient fee schedule,90,,180,True,"Transplants, investigational services, and Part B drugs reimbursed under separate addendum.",2026-10-01,False
Aetna,Commercial HMO/PPO,2024-01-01,2025-12-31,Per-DRG case rate,470,Major hip and knee joint replacement w/o MCC,,,Inpatient,15950.0,Negotiated case rate,120,,180,True,Behavioral health carved out to Aetna Behavioral Health network.,2025-09-30,False
Aetna,Commercial HMO/PPO,2024-01-01,2025-12-31,Per-DRG case rate,247,Percutaneous cardiovascular proc w/ drug-eluting stent,,,Inpatient,21175.0,Negotiated case rate,120,,180,True,Behavioral health carved out to Aetna Behavioral Health network.,2025-09-30,False
Aetna,Commercial HMO/PPO,2024-01-01,2025-12-31,Per-DRG case rate,291,Heart failure and shock w/ MCC,,,Inpatient,10300.0,Negotiated case rate,120,,180,True,Behavioral health carved out to Aetna Behavioral Health network.,2025-09-30,False
Aetna,Commercial HMO/PPO,2024-01-01,2025-12-31,Per-DRG case rate,871,Septicemia or severe sepsis w/o MV >96h w/ MCC,,,Inpatient,14675.0,Negotiated case rate,120,,180,True,Behavioral health carved out to Aetna Behavioral Health network.,2025-09-30,False
Aetna,Commercial HMO/PPO,2024-01-01,2025-12-31,Per-DRG case rate,190,Chronic obstructive pulmonary disease w/ MCC,,,Inpatient,8300.0,Negotiated case rate,120,,180,True,Behavioral health carved out to Aetna Behavioral Health network.,2025-09-30,False
Aetna,Commercial HMO/PPO,2024-01-01,2025-12-31,Per-DRG case rate,194,Simple pneumonia and pleurisy w/ CC,,,Inpatient,6825.0,Negotiated case rate,120,,180,True,Behavioral health carved out to Aetna Behavioral Health network.,2025-09-30,False
Aetna,Commercial HMO/PPO,2024-01-01,2025-12-31,Per-DRG case rate,765,Cesarean section w/ CC/MCC,,,Inpatient,9300.0,Negotiated case rate,120,,180,True,Behavioral health carved out to Aetna Behavioral Health network.,2025-09-30,False
Aetna,Commercial HMO/PPO,2024-01-01,2025-12-31,Per-DRG case rate,853,Infectious & parasitic dis w/ OR proc w/ MCC,,,Inpatient,35275.0,Negotiated case rate,120,,180,True,Behavioral health carved out to Aetna Behavioral Health network.,2025-09-30,False
Aetna,Commercial HMO/PPO,2024-01-01,2025-12-31,Per-DRG case rate,329,Major small & large bowel procedures w/ MCC,,,Inpatient,43575.0,Negotiated case rate,120,,180,True,Behavioral health carved out to Aetna Behavioral Health network.,2025-09-30,False
Aetna,Commercial HMO/PPO,2024-01-01,2025-12-31,Per-DRG case rate,064,Intracranial hemorrhage or cerebral infarction w/ MCC,,,Inpatient,14225.0,Negotiated case rate,120,,180,True,Behavioral health carved out to Aetna Behavioral Health network.,2025-09-30,False
Aetna,Commercial HMO/PPO,2024-01-01,2025-12-31,Per-DRG case rate,,,27447,Total knee arthroplasty,Outpatient,1805.0,Outpatient fee schedule,120,,180,True,Behavioral health carved out to Aetna Behavioral Health network.,2025-09-30,False
Aetna,Commercial HMO/PPO,2024-01-01,2025-12-31,Per-DRG case rate,,,70553,MRI brain w/ & w/o contrast,Outpatient,540.0,Outpatient fee schedule,120,,180,True,Behavioral health carved out to Aetna Behavioral Health network.,2025-09-30,False
Aetna,Commercial HMO/PPO,2024-01-01,2025-12-31,Per-DRG case rate,,,45378,"Colonoscopy, diagnostic",Outpatient,410.0,Outpatient fee schedule,120,,180,False,Behavioral health carved out to Aetna Behavioral Health network.,2025-09-30,False
Aetna,Commercial HMO/PPO,2024-01-01,2025-12-31,Per-DRG case rate,,,93452,Left heart catheterization,Outpatient,3305.0,Outpatient fee schedule,120,,180,True,Behavioral health carved out to Aetna Behavioral Health network.,2025-09-30,False
Aetna,Commercial HMO/PPO,2024-01-01,2025-12-31,Per-DRG case rate,,,99285,"Emergency dept visit, high complexity",Outpatient,460.0,Outpatient fee schedule,120,,180,False,Behavioral health carved out to Aetna Behavioral Health network.,2025-09-30,False
Aetna,Commercial HMO/PPO,2024-01-01,2025-12-31,Per-DRG case rate,,,29881,Knee arthroscopy w/ meniscectomy,Outpatient,1500.0,Outpatient fee schedule,120,,180,True,Behavioral health carved out to Aetna Behavioral Health network.,2025-09-30,False
Anthem Blue Cross Blue Shield,Commercial PPO,2024-01-01,2026-06-30,Percent of Medicare,470,Major hip and knee joint replacement w/o MCC,,,Inpatient,17375.0,122% of Medicare base,90,,90,True,Durable medical equipment and home health excluded; billed to ancillary vendor.,2026-04-01,False
Anthem Blue Cross Blue Shield,Commercial PPO,2024-01-01,2026-06-30,Percent of Medicare,247,Percutaneous cardiovascular proc w/ drug-eluting stent,,,Inpatient,23050.0,122% of Medicare base,90,,90,True,Durable medical equipment and home health excluded; billed to ancillary vendor.,2026-04-01,False
Anthem Blue Cross Blue Shield,Commercial PPO,2024-01-01,2026-06-30,Percent of Medicare,291,Heart failure and shock w/ MCC,,,Inpatient,11225.0,122% of Medicare base,90,,90,True,Durable medical equipment and home health excluded; billed to ancillary vendor.,2026-04-01,False
Anthem Blue Cross Blue Shield,Commercial PPO,2024-01-01,2026-06-30,Percent of Medicare,871,Septicemia or severe sepsis w/o MV >96h w/ MCC,,,Inpatient,15975.0,122% of Medicare base,90,,90,True,Durable medical equipment and home health excluded; billed to ancillary vendor.,2026-04-01,False
Anthem Blue Cross Blue Shield,Commercial PPO,2024-01-01,2026-06-30,Percent of Medicare,190,Chronic obstructive pulmonary disease w/ MCC,,,Inpatient,9025.0,122% of Medicare base,90,,90,True,Durable medical equipment and home health excluded; billed to ancillary vendor.,2026-04-01,False
Anthem Blue Cross Blue Shield,Commercial PPO,2024-01-01,2026-06-30,Percent of Medicare,194,Simple pneumonia and pleurisy w/ CC,,,Inpatient,7450.0,122% of Medicare base,90,,90,True,Durable medical equipment and home health excluded; billed to ancillary vendor.,2026-04-01,False
Anthem Blue Cross Blue Shield,Commercial PPO,2024-01-01,2026-06-30,Percent of Medicare,765,Cesarean section w/ CC/MCC,,,Inpatient,10125.0,122% of Medicare base,90,,90,True,Durable medical equipment and home health excluded; billed to ancillary vendor.,2026-04-01,False
Anthem Blue Cross Blue Shield,Commercial PPO,2024-01-01,2026-06-30,Percent of Medicare,853,Infectious & parasitic dis w/ OR proc w/ MCC,,,Inpatient,38425.0,122% of Medicare base,90,,90,True,Durable medical equipment and home health excluded; billed to ancillary vendor.,2026-04-01,False
Anthem Blue Cross Blue Shield,Commercial PPO,2024-01-01,2026-06-30,Percent of Medicare,329,Major small & large bowel procedures w/ MCC,,,Inpatient,47450.0,122% of Medicare base,90,,90,True,Durable medical equipment and home health excluded; billed to ancillary vendor.,2026-04-01,False
Anthem Blue Cross Blue Shield,Commercial PPO,2024-01-01,2026-06-30,Percent of Medicare,064,Intracranial hemorrhage or cerebral infarction w/ MCC,,,Inpatient,15500.0,122% of Medicare base,90,,90,True,Durable medical equipment and home health excluded; billed to ancillary vendor.,2026-04-01,False
Anthem Blue Cross Blue Shield,Commercial PPO,2024-01-01,2026-06-30,Percent of Medicare,,,27447,Total knee arthroplasty,Outpatient,1965.0,Outpatient fee schedule,90,,90,True,Durable medical equipment and home health excluded; billed to ancillary vendor.,2026-04-01,False
Anthem Blue Cross Blue Shield,Commercial PPO,2024-01-01,2026-06-30,Percent of Medicare,,,70553,MRI brain w/ & w/o contrast,Outpatient,585.0,Outpatient fee schedule,90,,90,True,Durable medical equipment and home health excluded; billed to ancillary vendor.,2026-04-01,False
Anthem Blue Cross Blue Shield,Commercial PPO,2024-01-01,2026-06-30,Percent of Medicare,,,45378,"Colonoscopy, diagnostic",Outpatient,445.0,Outpatient fee schedule,90,,90,False,Durable medical equipment and home health excluded; billed to ancillary vendor.,2026-04-01,False
Anthem Blue Cross Blue Shield,Commercial PPO,2024-01-01,2026-06-30,Percent of Medicare,,,93452,Left heart catheterization,Outpatient,3600.0,Outpatient fee schedule,90,,90,True,Durable medical equipment and home health excluded; billed to ancillary vendor.,2026-04-01,False
Anthem Blue Cross Blue Shield,Commercial PPO,2024-01-01,2026-06-30,Percent of Medicare,,,99285,"Emergency dept visit, high complexity",Outpatient,500.0,Outpatient fee schedule,90,,90,False,Durable medical equipment and home health excluded; billed to ancillary vendor.,2026-04-01,False
Anthem Blue Cross Blue Shield,Commercial PPO,2024-01-01,2026-06-30,Percent of Medicare,,,29881,Knee arthroscopy w/ meniscectomy,Outpatient,1635.0,Outpatient fee schedule,90,,90,True,Durable medical equipment and home health excluded; billed to ancillary vendor.,2026-04-01,False
Cigna,Commercial PPO,2024-01-01,2025-12-31,Hybrid: DRG case rate (IP) + fee schedule (OP),470,Major hip and knee joint replacement w/o MCC,,,Inpatient,15675.0,Negotiated case rate,90,120.0,120,True,None.,2025-10-15,False
Cigna,Commercial PPO,2024-01-01,2025-12-31,Hybrid: DRG case rate (IP) + fee schedule (OP),247,Percutaneous cardiovascular proc w/ drug-eluting stent,,,Inpatient,20800.0,Negotiated case rate,90,120.0,120,True,None.,2025-10-15,False
Cigna,Commercial PPO,2024-01-01,2025-12-31,Hybrid: DRG case rate (IP) + fee schedule (OP),291,Heart failure and shock w/ MCC,,,Inpatient,10125.0,Negotiated case rate,90,120.0,120,True,None.,2025-10-15,False
Cigna,Commercial PPO,2024-01-01,2025-12-31,Hybrid: DRG case rate (IP) + fee schedule (OP),871,Septicemia or severe sepsis w/o MV >96h w/ MCC,,,Inpatient,14400.0,Negotiated case rate,90,120.0,120,True,None.,2025-10-15,False
Cigna,Commercial PPO,2024-01-01,2025-12-31,Hybrid: DRG case rate (IP) + fee schedule (OP),190,Chronic obstructive pulmonary disease w/ MCC,,,Inpatient,8150.0,Negotiated case rate,90,120.0,120,True,None.,2025-10-15,False
Cigna,Commercial PPO,2024-01-01,2025-12-31,Hybrid: DRG case rate (IP) + fee schedule (OP),194,Simple pneumonia and pleurisy w/ CC,,,Inpatient,6700.0,Negotiated case rate,90,120.0,120,True,None.,2025-10-15,False
Cigna,Commercial PPO,2024-01-01,2025-12-31,Hybrid: DRG case rate (IP) + fee schedule (OP),765,Cesarean section w/ CC/MCC,,,Inpatient,9125.0,Negotiated case rate,90,120.0,120,True,None.,2025-10-15,False
Cigna,Commercial PPO,2024-01-01,2025-12-31,Hybrid: DRG case rate (IP) + fee schedule (OP),853,Infectious & parasitic dis w/ OR proc w/ MCC,,,Inpatient,34650.0,Negotiated case rate,90,120.0,120,True,None.,2025-10-15,False
Cigna,Commercial PPO,2024-01-01,2025-12-31,Hybrid: DRG case rate (IP) + fee schedule (OP),329,Major small & large bowel procedures w/ MCC,,,Inpatient,42800.0,Negotiated case rate,90,120.0,120,True,None.,2025-10-15,False
Cigna,Commercial PPO,2024-01-01,2025-12-31,Hybrid: DRG case rate (IP) + fee schedule (OP),064,Intracranial hemorrhage or cerebral infarction w/ MCC,,,Inpatient,13975.0,Negotiated case rate,90,120.0,120,True,None.,2025-10-15,False
Cigna,Commercial PPO,2024-01-01,2025-12-31,Hybrid: DRG case rate (IP) + fee schedule (OP),,,27447,Total knee arthroplasty,Outpatient,1770.0,Outpatient fee schedule,90,120.0,120,True,None.,2025-10-15,False
Cigna,Commercial PPO,2024-01-01,2025-12-31,Hybrid: DRG case rate (IP) + fee schedule (OP),,,70553,MRI brain w/ & w/o contrast,Outpatient,530.0,Outpatient fee schedule,90,120.0,120,True,None.,2025-10-15,False
Cigna,Commercial PPO,2024-01-01,2025-12-31,Hybrid: DRG case rate (IP) + fee schedule (OP),,,45378,"Colonoscopy, diagnostic",Outpatient,400.0,Outpatient fee schedule,90,120.0,120,False,None.,2025-10-15,False
Cigna,Commercial PPO,2024-01-01,2025-12-31,Hybrid: DRG case rate (IP) + fee schedule (OP),,,93452,Left heart catheterization,Outpatient,3245.0,Outpatient fee schedule,90,120.0,120,True,None.,2025-10-15,False
Cigna,Commercial PPO,2024-01-01,2025-12-31,Hybrid: DRG case rate (IP) + fee schedule (OP),,,99285,"Emergency dept visit, high complexity",Outpatient,450.0,Outpatient fee schedule,90,120.0,120,False,None.,2025-10-15,False
Cigna,Commercial PPO,2024-01-01,2025-12-31,Hybrid: DRG case rate (IP) + fee schedule (OP),,,29881,Knee arthroscopy w/ meniscectomy,Outpatient,1475.0,Outpatient fee schedule,90,120.0,120,True,None.,2025-10-15,False
Humana,Commercial PPO,2024-01-01,2026-12-31,Percent of Medicare,470,Major hip and knee joint replacement w/o MCC,,,Inpatient,15400.0,108% of Medicare base,180,,180,True,Imaging requires prior authorization through Cohere Health.,2026-09-01,False
Humana,Commercial PPO,2024-01-01,2026-12-31,Percent of Medicare,247,Percutaneous cardiovascular proc w/ drug-eluting stent,,,Inpatient,20400.0,108% of Medicare base,180,,180,True,Imaging requires prior authorization through Cohere Health.,2026-09-01,False
Humana,Commercial PPO,2024-01-01,2026-12-31,Percent of Medicare,291,Heart failure and shock w/ MCC,,,Inpatient,9925.0,108% of Medicare base,180,,180,True,Imaging requires prior authorization through Cohere Health.,2026-09-01,False
Humana,Commercial PPO,2024-01-01,2026-12-31,Percent of Medicare,871,Septicemia or severe sepsis w/o MV >96h w/ MCC,,,Inpatient,14150.0,108% of Medicare base,180,,180,True,Imaging requires prior authorization through Cohere Health.,2026-09-01,False
Humana,Commercial PPO,2024-01-01,2026-12-31,Percent of Medicare,190,Chronic obstructive pulmonary disease w/ MCC,,,Inpatient,8000.0,108% of Medicare base,180,,180,True,Imaging requires prior authorization through Cohere Health.,2026-09-01,False
Humana,Commercial PPO,2024-01-01,2026-12-31,Percent of Medicare,194,Simple pneumonia and pleurisy w/ CC,,,Inpatient,6600.0,108% of Medicare base,180,,180,True,Imaging requires prior authorization through Cohere Health.,2026-09-01,False
Humana,Commercial PPO,2024-01-01,2026-12-31,Percent of Medicare,765,Cesarean section w/ CC/MCC,,,Inpatient,8975.0,108% of Medicare base,180,,180,True,Imaging requires prior authorization through Cohere Health.,2026-09-01,False
Humana,Commercial PPO,2024-01-01,2026-12-31,Percent of Medicare,853,Infectious & parasitic dis w/ OR proc w/ MCC,,,Inpatient,34025.0,108% of Medicare base,180,,180,True,Imaging requires prior authorization through Cohere Health.,2026-09-01,False
Humana,Commercial PPO,2024-01-01,2026-12-31,Percent of Medicare,329,Major small & large bowel procedures w/ MCC,,,Inpatient,42000.0,108% of Medicare base,180,,180,True,Imaging requires prior authorization through Cohere Health.,2026-09-01,False
Humana,Commercial PPO,2024-01-01,2026-12-31,Percent of Medicare,064,Intracranial hemorrhage or cerebral infarction w/ MCC,,,Inpatient,13725.0,108% of Medicare base,180,,180,True,Imaging requires prior authorization through Cohere Health.,2026-09-01,False
Humana,Commercial PPO,2024-01-01,2026-12-31,Percent of Medicare,,,27447,Total knee arthroplasty,Outpatient,1740.0,Outpatient fee schedule,180,,180,True,Imaging requires prior authorization through Cohere Health.,2026-09-01,False
Humana,Commercial PPO,2024-01-01,2026-12-31,Percent of Medicare,,,70553,MRI brain w/ & w/o contrast,Outpatient,520.0,Outpatient fee schedule,180,,180,True,Imaging requires prior authorization through Cohere Health.,2026-09-01,False
Humana,Commercial PPO,2024-01-01,2026-12-31,Percent of Medicare,,,45378,"Colonoscopy, diagnostic",Outpatient,395.0,Outpatient fee schedule,180,,180,False,Imaging requires prior authorization through Cohere Health.,2026-09-01,False
Humana,Commercial PPO,2024-01-01,2026-12-31,Percent of Medicare,,,93452,Left heart catheterization,Outpatient,3185.0,Outpatient fee schedule,180,,180,True,Imaging requires prior authorization through Cohere Health.,2026-09-01,False
Humana,Commercial PPO,2024-01-01,2026-12-31,Percent of Medicare,,,99285,"Emergency dept visit, high complexity",Outpatient,445.0,Outpatient fee schedule,180,,180,False,Imaging requires prior authorization through Cohere Health.,2026-09-01,False
Humana,Commercial PPO,2024-01-01,2026-12-31,Percent of Medicare,,,29881,Knee arthroscopy w/ meniscectomy,Outpatient,1445.0,Outpatient fee schedule,180,,180,True,Imaging requires prior authorization through Cohere Health.,2026-09-01,False
Medicare Advantage (Wellcare),Medicare Advantage,2024-01-01,2025-12-31,Percent of Medicare,470,Major hip and knee joint replacement w/o MCC,,,Inpatient,14250.0,100% of Medicare base,365,,60,True,Follows CMS NCD/LCD coverage determinations.,2025-09-01,False
Medicare Advantage (Wellcare),Medicare Advantage,2024-01-01,2025-12-31,Percent of Medicare,247,Percutaneous cardiovascular proc w/ drug-eluting stent,,,Inpatient,18900.0,100% of Medicare base,365,,60,True,Follows CMS NCD/LCD coverage determinations.,2025-09-01,False
Medicare Advantage (Wellcare),Medicare Advantage,2024-01-01,2025-12-31,Percent of Medicare,291,Heart failure and shock w/ MCC,,,Inpatient,9200.0,100% of Medicare base,365,,60,True,Follows CMS NCD/LCD coverage determinations.,2025-09-01,False
Medicare Advantage (Wellcare),Medicare Advantage,2024-01-01,2025-12-31,Percent of Medicare,871,Septicemia or severe sepsis w/o MV >96h w/ MCC,,,Inpatient,13100.0,100% of Medicare base,365,,60,True,Follows CMS NCD/LCD coverage determinations.,2025-09-01,False
Medicare Advantage (Wellcare),Medicare Advantage,2024-01-01,2025-12-31,Percent of Medicare,190,Chronic obstructive pulmonary disease w/ MCC,,,Inpatient,7400.0,100% of Medicare base,365,,60,True,Follows CMS NCD/LCD coverage determinations.,2025-09-01,False
Medicare Advantage (Wellcare),Medicare Advantage,2024-01-01,2025-12-31,Percent of Medicare,194,Simple pneumonia and pleurisy w/ CC,,,Inpatient,6100.0,100% of Medicare base,365,,60,True,Follows CMS NCD/LCD coverage determinations.,2025-09-01,False
Medicare Advantage (Wellcare),Medicare Advantage,2024-01-01,2025-12-31,Percent of Medicare,765,Cesarean section w/ CC/MCC,,,Inpatient,8300.0,100% of Medicare base,365,,60,True,Follows CMS NCD/LCD coverage determinations.,2025-09-01,False
Medicare Advantage (Wellcare),Medicare Advantage,2024-01-01,2025-12-31,Percent of Medicare,853,Infectious & parasitic dis w/ OR proc w/ MCC,,,Inpatient,31500.0,100% of Medicare base,365,,60,True,Follows CMS NCD/LCD coverage determinations.,2025-09-01,False
Medicare Advantage (Wellcare),Medicare Advantage,2024-01-01,2025-12-31,Percent of Medicare,329,Major small & large bowel procedures w/ MCC,,,Inpatient,38900.0,100% of Medicare base,365,,60,True,Follows CMS NCD/LCD coverage determinations.,2025-09-01,False
Medicare Advantage (Wellcare),Medicare Advantage,2024-01-01,2025-12-31,Percent of Medicare,064,Intracranial hemorrhage or cerebral infarction w/ MCC,,,Inpatient,12700.0,100% of Medicare base,365,,60,True,Follows CMS NCD/LCD coverage determinations.,2025-09-01,False
Medicare Advantage (Wellcare),Medicare Advantage,2024-01-01,2025-12-31,Percent of Medicare,,,27447,Total knee arthroplasty,Outpatient,1610.0,Outpatient fee schedule,365,,60,True,Follows CMS NCD/LCD coverage determinations.,2025-09-01,False
Medicare Advantage (Wellcare),Medicare Advantage,2024-01-01,2025-12-31,Percent of Medicare,,,70553,MRI brain w/ & w/o contrast,Outpatient,480.0,Outpatient fee schedule,365,,60,True,Follows CMS NCD/LCD coverage determinations.,2025-09-01,False
Medicare Advantage (Wellcare),Medicare Advantage,2024-01-01,2025-12-31,Percent of Medicare,,,45378,"Colonoscopy, diagnostic",Outpatient,365.0,Outpatient fee schedule,365,,60,False,Follows CMS NCD/LCD coverage determinations.,2025-09-01,False
Medicare Advantage (Wellcare),Medicare Advantage,2024-01-01,2025-12-31,Percent of Medicare,,,93452,Left heart catheterization,Outpatient,2950.0,Outpatient fee schedule,365,,60,True,Follows CMS NCD/LCD coverage determinations.,2025-09-01,False
Medicare Advantage (Wellcare),Medicare Advantage,2024-01-01,2025-12-31,Percent of Medicare,,,99285,"Emergency dept visit, high complexity",Outpatient,410.0,Outpatient fee schedule,365,,60,False,Follows CMS NCD/LCD coverage determinations.,2025-09-01,False
Medicare Advantage (Wellcare),Medicare Advantage,2024-01-01,2025-12-31,Percent of Medicare,,,29881,Knee arthroscopy w/ meniscectomy,Outpatient,1340.0,Outpatient fee schedule,365,,60,True,Follows CMS NCD/LCD coverage determinations.,2025-09-01,False
Sagebrush Regional Health Plan,Regional Commercial HMO,2024-01-01,2025-12-31,Per-DRG case rate,470,Major hip and knee joint replacement w/o MCC,,,Inpatient,14950.0,Negotiated case rate,60,,90,False,Out-of-area emergency services reimbursed at billed charges up to 150% of Medicare.,2025-08-01,False
Sagebrush Regional Health Plan,Regional Commercial HMO,2024-01-01,2025-12-31,Per-DRG case rate,247,Percutaneous cardiovascular proc w/ drug-eluting stent,,,Inpatient,19850.0,Negotiated case rate,60,,90,False,Out-of-area emergency services reimbursed at billed charges up to 150% of Medicare.,2025-08-01,False
Sagebrush Regional Health Plan,Regional Commercial HMO,2024-01-01,2025-12-31,Per-DRG case rate,291,Heart failure and shock w/ MCC,,,Inpatient,9650.0,Negotiated case rate,60,,90,False,Out-of-area emergency services reimbursed at billed charges up to 150% of Medicare.,2025-08-01,False
Sagebrush Regional Health Plan,Regional Commercial HMO,2024-01-01,2025-12-31,Per-DRG case rate,871,Septicemia or severe sepsis w/o MV >96h w/ MCC,,,Inpatient,13750.0,Negotiated case rate,60,,90,False,Out-of-area emergency services reimbursed at billed charges up to 150% of Medicare.,2025-08-01,False
Sagebrush Regional Health Plan,Regional Commercial HMO,2024-01-01,2025-12-31,Per-DRG case rate,190,Chronic obstructive pulmonary disease w/ MCC,,,Inpatient,7775.0,Negotiated case rate,60,,90,False,Out-of-area emergency services reimbursed at billed charges up to 150% of Medicare.,2025-08-01,False
Sagebrush Regional Health Plan,Regional Commercial HMO,2024-01-01,2025-12-31,Per-DRG case rate,194,Simple pneumonia and pleurisy w/ CC,,,Inpatient,6400.0,Negotiated case rate,60,,90,False,Out-of-area emergency services reimbursed at billed charges up to 150% of Medicare.,2025-08-01,False
Sagebrush Regional Health Plan,Regional Commercial HMO,2024-01-01,2025-12-31,Per-DRG case rate,765,Cesarean section w/ CC/MCC,,,Inpatient,8725.0,Negotiated case rate,60,,90,False,Out-of-area emergency services reimbursed at billed charges up to 150% of Medicare.,2025-08-01,False
Sagebrush Regional Health Plan,Regional Commercial HMO,2024-01-01,2025-12-31,Per-DRG case rate,853,Infectious & parasitic dis w/ OR proc w/ MCC,,,Inpatient,33075.0,Negotiated case rate,60,,90,False,Out-of-area emergency services reimbursed at billed charges up to 150% of Medicare.,2025-08-01,False
Sagebrush Regional Health Plan,Regional Commercial HMO,2024-01-01,2025-12-31,Per-DRG case rate,329,Major small & large bowel procedures w/ MCC,,,Inpatient,40850.0,Negotiated case rate,60,,90,False,Out-of-area emergency services reimbursed at billed charges up to 150% of Medicare.,2025-08-01,False
Sagebrush Regional Health Plan,Regional Commercial HMO,2024-01-01,2025-12-31,Per-DRG case rate,064,Intracranial hemorrhage or cerebral infarction w/ MCC,,,Inpatient,13325.0,Negotiated case rate,60,,90,False,Out-of-area emergency services reimbursed at billed charges up to 150% of Medicare.,2025-08-01,False
Sagebrush Regional Health Plan,Regional Commercial HMO,2024-01-01,2025-12-31,Per-DRG case rate,,,27447,Total knee arthroplasty,Outpatient,1690.0,Outpatient fee schedule,60,,90,False,Out-of-area emergency services reimbursed at billed charges up to 150% of Medicare.,2025-08-01,False
Sagebrush Regional Health Plan,Regional Commercial HMO,2024-01-01,2025-12-31,Per-DRG case rate,,,70553,MRI brain w/ & w/o contrast,Outpatient,505.0,Outpatient fee schedule,60,,90,False,Out-of-area emergency services reimbursed at billed charges up to 150% of Medicare.,2025-08-01,False
Sagebrush Regional Health Plan,Regional Commercial HMO,2024-01-01,2025-12-31,Per-DRG case rate,,,45378,"Colonoscopy, diagnostic",Outpatient,385.0,Outpatient fee schedule,60,,90,False,Out-of-area emergency services reimbursed at billed charges up to 150% of Medicare.,2025-08-01,False
Sagebrush Regional Health Plan,Regional Commercial HMO,2024-01-01,2025-12-31,Per-DRG case rate,,,93452,Left heart catheterization,Outpatient,3100.0,Outpatient fee schedule,60,,90,False,Out-of-area emergency services reimbursed at billed charges up to 150% of Medicare.,2025-08-01,False
Sagebrush Regional Health Plan,Regional Commercial HMO,2024-01-01,2025-12-31,Per-DRG case rate,,,99285,"Emergency dept visit, high complexity",Outpatient,430.0,Outpatient fee schedule,60,,90,False,Out-of-area emergency services reimbursed at billed charges up to 150% of Medicare.,2025-08-01,False
Sagebrush Regional Health Plan,Regional Commercial HMO,2024-01-01,2025-12-31,Per-DRG case rate,,,29881,Knee arthroscopy w/ meniscectomy,Outpatient,1405.0,Outpatient fee schedule,60,,90,False,Out-of-area emergency services reimbursed at billed charges up to 150% of Medicare.,2025-08-01,False
Pioneer Valley Medicaid MCO,Medicaid Managed Care,2024-01-01,2025-12-31,Percent of Medicaid fee schedule,470,Major hip and knee joint replacement w/o MCC,,,Inpatient,11125.0,78% of Medicare base,95,,60,True,Non-emergency transportation and dental carved out to state vendor.,2025-09-01,False
Pioneer Valley Medicaid MCO,Medicaid Managed Care,2024-01-01,2025-12-31,Percent of Medicaid fee schedule,247,Percutaneous cardiovascular proc w/ drug-eluting stent,,,Inpatient,14750.0,78% of Medicare base,95,,60,True,Non-emergency transportation and dental carved out to state vendor.,2025-09-01,False
Pioneer Valley Medicaid MCO,Medicaid Managed Care,2024-01-01,2025-12-31,Percent of Medicaid fee schedule,291,Heart failure and shock w/ MCC,,,Inpatient,7175.0,78% of Medicare base,95,,60,True,Non-emergency transportation and dental carved out to state vendor.,2025-09-01,False
Pioneer Valley Medicaid MCO,Medicaid Managed Care,2024-01-01,2025-12-31,Percent of Medicaid fee schedule,871,Septicemia or severe sepsis w/o MV >96h w/ MCC,,,Inpatient,10225.0,78% of Medicare base,95,,60,True,Non-emergency transportation and dental carved out to state vendor.,2025-09-01,False
Pioneer Valley Medicaid MCO,Medicaid Managed Care,2024-01-01,2025-12-31,Percent of Medicaid fee schedule,190,Chronic obstructive pulmonary disease w/ MCC,,,Inpatient,5775.0,78% of Medicare base,95,,60,True,Non-emergency transportation and dental carved out to state vendor.,2025-09-01,False
Pioneer Valley Medicaid MCO,Medicaid Managed Care,2024-01-01,2025-12-31,Percent of Medicaid fee schedule,194,Simple pneumonia and pleurisy w/ CC,,,Inpatient,4750.0,78% of Medicare base,95,,60,True,Non-emergency transportation and dental carved out to state vendor.,2025-09-01,False
Pioneer Valley Medicaid MCO,Medicaid Managed Care,2024-01-01,2025-12-31,Percent of Medicaid fee schedule,765,Cesarean section w/ CC/MCC,,,Inpatient,6475.0,78% of Medicare base,95,,60,True,Non-emergency transportation and dental carved out to state vendor.,2025-09-01,False
Pioneer Valley Medicaid MCO,Medicaid Managed Care,2024-01-01,2025-12-31,Percent of Medicaid fee schedule,853,Infectious & parasitic dis w/ OR proc w/ MCC,,,Inpatient,24575.0,78% of Medicare base,95,,60,True,Non-emergency transportation and dental carved out to state vendor.,2025-09-01,False
Pioneer Valley Medicaid MCO,Medicaid Managed Care,2024-01-01,2025-12-31,Percent of Medicaid fee schedule,329,Major small & large bowel procedures w/ MCC,,,Inpatient,30350.0,78% of Medicare base,95,,60,True,Non-emergency transportation and dental carved out to state vendor.,2025-09-01,False
Pioneer Valley Medicaid MCO,Medicaid Managed Care,2024-01-01,2025-12-31,Percent of Medicaid fee schedule,064,Intracranial hemorrhage or cerebral infarction w/ MCC,,,Inpatient,9900.0,78% of Medicare base,95,,60,True,Non-emergency transportation and dental carved out to state vendor.,2025-09-01,False
Pioneer Valley Medicaid MCO,Medicaid Managed Care,2024-01-01,2025-12-31,Percent of Medicaid fee schedule,,,27447,Total knee arthroplasty,Outpatient,1255.0,Outpatient fee schedule,95,,60,True,Non-emergency transportation and dental carved out to state vendor.,2025-09-01,False
Pioneer Valley Medicaid MCO,Medicaid Managed Care,2024-01-01,2025-12-31,Percent of Medicaid fee schedule,,,70553,MRI brain w/ & w/o contrast,Outpatient,375.0,Outpatient fee schedule,95,,60,True,Non-emergency transportation and dental carved out to state vendor.,2025-09-01,False
Pioneer Valley Medicaid MCO,Medicaid Managed Care,2024-01-01,2025-12-31,Percent of Medicaid fee schedule,,,45378,"Colonoscopy, diagnostic",Outpatient,285.0,Outpatient fee schedule,95,,60,False,Non-emergency transportation and dental carved out to state vendor.,2025-09-01,False
Pioneer Valley Medicaid MCO,Medicaid Managed Care,2024-01-01,2025-12-31,Percent of Medicaid fee schedule,,,93452,Left heart catheterization,Outpatient,2300.0,Outpatient fee schedule,95,,60,True,Non-emergency transportation and dental carved out to state vendor.,2025-09-01,False
Pioneer Valley Medicaid MCO,Medicaid Managed Care,2024-01-01,2025-12-31,Percent of Medicaid fee schedule,,,99285,"Emergency dept visit, high complexity",Outpatient,320.0,Outpatient fee schedule,95,,60,False,Non-emergency transportation and dental carved out to state vendor.,2025-09-01,False
Pioneer Valley Medicaid MCO,Medicaid Managed Care,2024-01-01,2025-12-31,Percent of Medicaid fee schedule,,,29881,Knee arthroscopy w/ meniscectomy,Outpatient,1045.0,Outpatient fee schedule,95,,60,True,Non-emergency transportation and dental carved out to state vendor.,2025-09-01,False
